{"cameraMode":{"drawMode":0,"name":"Shaded","section":"Shading Mode"},"sceneLighting":true,"audioPlay":false,"sceneViewState":{"showFog":true,"showMaterialUpdate":false,"showSkybox":true,"showFlares":true,"showImageEffects":true,"showParticleSystems":true},"in2DMode":false,"pivot":{"x":117.76177215576172,"y":5.698912620544434,"z":-87.7145767211914},"rotation":{"x":0.0053492081351578239,"y":-0.3452472984790802,"z":-0.0019687283784151079,"w":-0.9384996294975281},"size":4.725054740905762,"orthographic":false}