{"cameraMode":{"drawMode":0,"name":"Shaded","section":"Shading Mode"},"sceneLighting":true,"audioPlay":false,"sceneViewState":{"showFog":true,"showMaterialUpdate":true,"showSkybox":true,"showFlares":false,"showImageEffects":true,"showParticleSystems":true},"in2DMode":false,"pivot":{"x":153.93511962890626,"y":15.700457572937012,"z":-74.1522445678711},"rotation":{"x":-0.021929707378149034,"y":0.2233402132987976,"z":0.005026944912970066,"w":0.9744866490364075},"size":12.244523048400879,"orthographic":false}