{"cameraMode":{"drawMode":0,"name":"Shaded","section":"Shading Mode"},"sceneLighting":true,"audioPlay":false,"sceneViewState":{"showFog":true,"showMaterialUpdate":true,"showSkybox":true,"showFlares":false,"showImageEffects":true,"showParticleSystems":true},"in2DMode":false,"pivot":{"x":130.8096466064453,"y":16.653499603271486,"z":-75.19935607910156},"rotation":{"x":-0.040487140417099,"y":-0.26476752758026125,"z":-0.011126517318189145,"w":0.9634044170379639},"size":12.244523048400879,"orthographic":false}