{"cameraMode":{"drawMode":0,"name":"Shaded","section":"Shading Mode"},"sceneLighting":false,"audioPlay":false,"sceneViewState":{"showFog":true,"showMaterialUpdate":true,"showSkybox":false,"showFlares":false,"showImageEffects":true,"showParticleSystems":true},"in2DMode":false,"pivot":{"x":126.40068054199219,"y":25.260000228881837,"z":-66.57405090332031},"rotation":{"x":0.15712475776672364,"y":0.39657309651374819,"z":-0.06909608095884323,"w":0.9018178582191467},"size":10.0,"orthographic":false}