{"cameraMode":{"drawMode":0,"name":"Shaded","section":"Shading Mode"},"sceneLighting":false,"audioPlay":false,"sceneViewState":{"showFog":true,"showMaterialUpdate":false,"showSkybox":false,"showFlares":true,"showImageEffects":true,"showParticleSystems":true},"in2DMode":false,"pivot":{"x":-0.18567657470703126,"y":-1.1618938446044922,"z":-1.4537315368652344},"rotation":{"x":0.16278745234012605,"y":0.6283250451087952,"z":-0.1366942971944809,"w":0.7483640909194946},"size":10.0,"orthographic":false}