{"cameraMode":{"drawMode":0,"name":"Shaded","section":"Shading Mode"},"sceneLighting":true,"audioPlay":false,"sceneViewState":{"showFog":true,"showMaterialUpdate":false,"showSkybox":true,"showFlares":true,"showImageEffects":true,"showParticleSystems":true},"in2DMode":false,"pivot":{"x":197.50927734375,"y":-18.68198013305664,"z":-98.62720489501953},"rotation":{"x":0.07979850471019745,"y":0.8302119374275208,"z":-0.12319058924913407,"w":0.5377804636955261},"size":49.27681350708008,"orthographic":false}