{"cameraMode":{"drawMode":0,"name":"Shaded","section":"Shading Mode"},"sceneLighting":true,"audioPlay":false,"sceneViewState":{"showFog":true,"showMaterialUpdate":false,"showSkybox":true,"showFlares":true,"showImageEffects":true,"showParticleSystems":true},"in2DMode":false,"pivot":{"x":169.06838989257813,"y":12.895812034606934,"z":-62.97364807128906},"rotation":{"x":0.1003400906920433,"y":0.8181743025779724,"z":-0.15041282773017884,"w":0.545802116394043},"size":47.64453125,"orthographic":false}