{"cameraMode":{"drawMode":0,"name":"Shaded","section":"Shading Mode"},"sceneLighting":false,"audioPlay":false,"sceneViewState":{"showFog":true,"showMaterialUpdate":false,"showSkybox":true,"showFlares":true,"showImageEffects":true,"showParticleSystems":true},"in2DMode":false,"pivot":{"x":13.500000953674317,"y":3.5999999046325685,"z":4.5},"rotation":{"x":0.21869637072086335,"y":0.3805844485759735,"z":-0.09313682466745377,"w":0.8936758041381836},"size":27.975582122802736,"orthographic":false}