{"cameraMode":{"drawMode":0,"name":"Shaded","section":"Shading Mode"},"sceneLighting":false,"audioPlay":false,"sceneViewState":{"showFog":true,"showMaterialUpdate":false,"showSkybox":false,"showFlares":true,"showImageEffects":true,"showParticleSystems":true},"in2DMode":false,"pivot":{"x":170.12673950195313,"y":4.7900004386901859,"z":-66.83999633789063},"rotation":{"x":-0.12849001586437226,"y":-0.6791841387748718,"z":0.12253865599632263,"w":-0.7121706008911133},"size":3.4532687664031984,"orthographic":false}