{"cameraMode":{"drawMode":0,"name":"Shaded","section":"Shading Mode"},"sceneLighting":true,"audioPlay":false,"sceneViewState":{"showFog":true,"showMaterialUpdate":false,"showSkybox":true,"showFlares":true,"showImageEffects":true,"showParticleSystems":true},"in2DMode":false,"pivot":{"x":-1067.4896240234375,"y":-237.99822998046876,"z":115.98440551757813},"rotation":{"x":0.08185991644859314,"y":-0.6643473505973816,"z":0.07331045717000961,"w":0.7393229603767395},"size":552.04931640625,"orthographic":false}