{"cameraMode":{"drawMode":0,"name":"Shaded","section":"Shading Mode"},"sceneLighting":false,"audioPlay":false,"sceneViewState":{"showFog":true,"showMaterialUpdate":false,"showSkybox":false,"showFlares":true,"showImageEffects":true,"showParticleSystems":true},"in2DMode":false,"pivot":{"x":236.78575134277345,"y":-19.817461013793947,"z":-114.22233581542969},"rotation":{"x":0.08447904884815216,"y":0.8830204606056213,"z":-0.17439749836921693,"w":0.4275335967540741},"size":41.26897430419922,"orthographic":false}