{"cameraMode":{"drawMode":0,"name":"Shaded","section":"Shading Mode"},"sceneLighting":true,"audioPlay":false,"sceneViewState":{"showFog":true,"showMaterialUpdate":false,"showSkybox":true,"showFlares":true,"showImageEffects":true,"showParticleSystems":true},"in2DMode":false,"pivot":{"x":319.36334228515627,"y":50.37177658081055,"z":40.5429801940918},"rotation":{"x":-0.39496010541915896,"y":-0.09506344795227051,"z":0.04122856631875038,"w":-0.9129682183265686},"size":5.072299003601074,"orthographic":false}