{"cameraMode":{"drawMode":0,"name":"Shaded","section":"Shading Mode"},"sceneLighting":true,"audioPlay":false,"sceneViewState":{"showFog":true,"showMaterialUpdate":false,"showSkybox":true,"showFlares":true,"showImageEffects":true,"showParticleSystems":true},"in2DMode":false,"pivot":{"x":78.29300689697266,"y":15.798666954040528,"z":-84.0352783203125},"rotation":{"x":-0.08207626640796662,"y":0.84909987449646,"z":-0.13851599395275117,"w":-0.5031066536903381},"size":25.07943344116211,"orthographic":false}